case_id,pattern_id,expected,candidate_function,reference_function,security_sensitive_operation,defensive_operation,source,note,candidate_role,candidate_present,candidate_path,located_comparable_functions,per_pattern_limit
P01,PAT01,bug,ksmbd_crypt_message,libipw_ccmp_decrypt,aead_request_alloc,aead_request_free,confirmed_bugs.csv,confirmed missing-defense case from recorded audit,confirmed_bug,yes,fs/smb/server/auth.c,15,10
PAT01-R01,PAT01,unknown,test_aead_vs_generic_impl,libipw_ccmp_decrypt,aead_request_alloc,aead_request_free,deterministic_random_comparable,deterministic random comparable function; no expected label,random_comparable,yes,crypto/testmgr.c,15,10
PAT01-R02,PAT01,unknown,lib80211_ccmp_decrypt,libipw_ccmp_decrypt,aead_request_alloc,aead_request_free,deterministic_random_comparable,deterministic random comparable function; no expected label,random_comparable,yes,net/wireless/lib80211_crypt_ccmp.c,15,10
PAT01-R03,PAT01,unknown,do_aead_crypto,libipw_ccmp_decrypt,aead_request_alloc,aead_request_free,deterministic_random_comparable,deterministic random comparable function; no expected label,random_comparable,yes,security/keys/trusted-keys/trusted_dcp.c,15,10
PAT01-R04,PAT01,unknown,setup_crypto,libipw_ccmp_decrypt,aead_request_alloc,aead_request_free,deterministic_random_comparable,deterministic random comparable function; no expected label,random_comparable,yes,net/ceph/messenger_v2.c,15,10
PAT01-R05,PAT01,unknown,llsec_do_decrypt_auth,libipw_ccmp_decrypt,aead_request_alloc,aead_request_free,deterministic_random_comparable,deterministic random comparable function; no expected label,random_comparable,yes,net/mac802154/llsec.c,15,10
PAT01-R06,PAT01,unknown,sec_aead_soft_crypto,libipw_ccmp_decrypt,aead_request_alloc,aead_request_free,deterministic_random_comparable,deterministic random comparable function; no expected label,random_comparable,yes,drivers/crypto/hisilicon/sec2/sec_crypto.c,15,10
PAT01-R07,PAT01,unknown,alg_test_aead,libipw_ccmp_decrypt,aead_request_alloc,aead_request_free,deterministic_random_comparable,deterministic random comparable function; no expected label,random_comparable,yes,crypto/testmgr.c,15,10
PAT01-R08,PAT01,unknown,enc_dec_message,libipw_ccmp_decrypt,aead_request_alloc,aead_request_free,deterministic_random_comparable,deterministic random comparable function; no expected label,random_comparable,yes,drivers/virt/coco/sev-guest/sev-guest.c,15,10
PAT01-R09,PAT01,unknown,rtllib_ccmp_encrypt,libipw_ccmp_decrypt,aead_request_alloc,aead_request_free,deterministic_random_comparable,deterministic random comparable function; no expected label,random_comparable,yes,drivers/staging/rtl8192e/rtllib_crypt_ccmp.c,15,10
P02,PAT02,bug,sti_gdp_init,v3d_platform_drm_probe,dma_alloc_wc,dma_free_wc,confirmed_bugs.csv,confirmed missing-defense case from recorded audit,confirmed_bug,yes,drivers/gpu/drm/sti/sti_gdp.c,39,10
PAT02-R01,PAT02,unknown,acornfb_probe,v3d_platform_drm_probe,dma_alloc_wc,dma_free_wc,deterministic_random_comparable,deterministic random comparable function; no expected label,random_comparable,yes,drivers/video/fbdev/acornfb.c,39,10
PAT02-R02,PAT02,unknown,lima_device_init,v3d_platform_drm_probe,dma_alloc_wc,dma_free_wc,deterministic_random_comparable,deterministic random comparable function; no expected label,random_comparable,yes,drivers/gpu/drm/lima/lima_device.c,39,10
PAT02-R03,PAT02,unknown,gnttab_dma_alloc_pages,v3d_platform_drm_probe,dma_alloc_wc,dma_free_wc,deterministic_random_comparable,deterministic random comparable function; no expected label,random_comparable,yes,drivers/xen/grant-table.c,39,10
PAT02-R04,PAT02,unknown,etnaviv_cmdbuf_suballoc_new,v3d_platform_drm_probe,dma_alloc_wc,dma_free_wc,deterministic_random_comparable,deterministic random comparable function; no expected label,random_comparable,yes,drivers/gpu/drm/etnaviv/etnaviv_cmdbuf.c,39,10
PAT02-R05,PAT02,unknown,mipi_dbi_spi_init,v3d_platform_drm_probe,dma_alloc_wc,dma_free_wc,deterministic_random_comparable,deterministic random comparable function; no expected label,random_comparable,yes,drivers/gpu/drm/drm_mipi_dbi.c,39,10
PAT02-R06,PAT02,unknown,atmel_lcdfb_probe,v3d_platform_drm_probe,dma_alloc_wc,dma_free_wc,deterministic_random_comparable,deterministic random comparable function; no expected label,random_comparable,yes,drivers/video/fbdev/atmel_lcdfb.c,39,10
PAT02-R07,PAT02,unknown,copy_gathers,v3d_platform_drm_probe,dma_alloc_wc,dma_free_wc,deterministic_random_comparable,deterministic random comparable function; no expected label,random_comparable,yes,drivers/gpu/host1x/job.c,39,10
PAT02-R08,PAT02,unknown,vsp1_dl_cmd_pool_create,v3d_platform_drm_probe,dma_alloc_wc,dma_free_wc,deterministic_random_comparable,deterministic random comparable function; no expected label,random_comparable,yes,drivers/media/platform/renesas/vsp1/vsp1_dl.c,39,10
PAT02-R09,PAT02,unknown,host1x_pushbuffer_init,v3d_platform_drm_probe,dma_alloc_wc,dma_free_wc,deterministic_random_comparable,deterministic random comparable function; no expected label,random_comparable,yes,drivers/gpu/host1x/cdma.c,39,10
P03,PAT03,bug,oaktrail_hdmi_setup,cavium_ptp_get,pci_get_device,pci_dev_put,confirmed_bugs.csv,confirmed missing-defense case from recorded audit,confirmed_bug,yes,drivers/gpu/drm/gma500/oaktrail_hdmi.c,162,10
PAT03-R01,PAT03,unknown,init_dmars,cavium_ptp_get,pci_get_device,pci_dev_put,deterministic_random_comparable,deterministic random comparable function; no expected label,random_comparable,yes,drivers/iommu/intel/iommu.c,162,10
PAT03-R02,PAT03,unknown,ptp_cavium_clock_get,cavium_ptp_get,pci_get_device,pci_dev_put,deterministic_random_comparable,deterministic random comparable function; no expected label,random_comparable,yes,drivers/net/ethernet/cavium/common/cavium_ptp.c,162,10
PAT03-R03,PAT03,unknown,rnm_to_cpt_errata_fixup,cavium_ptp_get,pci_get_device,pci_dev_put,deterministic_random_comparable,deterministic random comparable function; no expected label,random_comparable,yes,drivers/crypto/marvell/octeontx2/otx2_cptpf_ucode.c,162,10
PAT03-R04,PAT03,unknown,ixgbe_io_error_detected,cavium_ptp_get,pci_get_device,pci_dev_put,deterministic_random_comparable,deterministic random comparable function; no expected label,random_comparable,yes,drivers/net/ethernet/intel/ixgbe/ixgbe_main.c,162,10
PAT03-R05,PAT03,unknown,Copyright,cavium_ptp_get,pci_get_device,pci_dev_put,deterministic_random_comparable,deterministic random comparable function; no expected label,random_comparable,yes,drivers/usb/cdns3/cdnsp-pci.c,162,10
PAT03-R06,PAT03,unknown,cavium_ptp_get,cavium_ptp_get,pci_get_device,pci_dev_put,deterministic_random_comparable,deterministic random comparable function; no expected label,random_comparable,yes,drivers/net/ethernet/cavium/common/cavium_ptp.c,162,10
PAT03-R07,PAT03,unknown,init_ichxrom,cavium_ptp_get,pci_get_device,pci_dev_put,deterministic_random_comparable,deterministic random comparable function; no expected label,random_comparable,yes,drivers/mtd/maps/ichxrom.c,162,10
PAT03-R08,PAT03,unknown,pasemi_register_i2c_devices,cavium_ptp_get,pci_get_device,pci_dev_put,deterministic_random_comparable,deterministic random comparable function; no expected label,random_comparable,yes,arch/powerpc/platforms/pasemi/misc.c,162,10
PAT03-R09,PAT03,unknown,ali_init,cavium_ptp_get,pci_get_device,pci_dev_put,deterministic_random_comparable,deterministic random comparable function; no expected label,random_comparable,yes,drivers/ata/pata_ali.c,162,10
P04,PAT04,bug,mtk_pericfg_init,clk_mt8196_apmixed_probe,mtk_alloc_clk_data,mtk_free_clk_data,confirmed_bugs.csv,confirmed missing-defense case from recorded audit,confirmed_bug,yes,drivers/clk/mediatek/clk-mt7629.c,31,10
PAT04-R01,PAT04,unknown,clk_mt6765_top_probe,clk_mt8196_apmixed_probe,mtk_alloc_clk_data,mtk_free_clk_data,deterministic_random_comparable,deterministic random comparable function; no expected label,random_comparable,yes,drivers/clk/mediatek/clk-mt6765.c,31,10
PAT04-R02,PAT04,unknown,clk_mt6779_top_probe,clk_mt8196_apmixed_probe,mtk_alloc_clk_data,mtk_free_clk_data,deterministic_random_comparable,deterministic random comparable function; no expected label,random_comparable,yes,drivers/clk/mediatek/clk-mt6779.c,31,10
PAT04-R03,PAT04,unknown,clk_mt6795_infracfg_probe,clk_mt8196_apmixed_probe,mtk_alloc_clk_data,mtk_free_clk_data,deterministic_random_comparable,deterministic random comparable function; no expected label,random_comparable,yes,drivers/clk/mediatek/clk-mt6795-infracfg.c,31,10
PAT04-R04,PAT04,unknown,__mtk_clk_simple_probe,clk_mt8196_apmixed_probe,mtk_alloc_clk_data,mtk_free_clk_data,deterministic_random_comparable,deterministic random comparable function; no expected label,random_comparable,yes,drivers/clk/mediatek/clk-mtk.c,31,10
PAT04-R05,PAT04,unknown,clk_mt8195_apmixed_probe,clk_mt8196_apmixed_probe,mtk_alloc_clk_data,mtk_free_clk_data,deterministic_random_comparable,deterministic random comparable function; no expected label,random_comparable,yes,drivers/clk/mediatek/clk-mt8195-apmixedsys.c,31,10
PAT04-R06,PAT04,unknown,clk_mt6765_apmixed_probe,clk_mt8196_apmixed_probe,mtk_alloc_clk_data,mtk_free_clk_data,deterministic_random_comparable,deterministic random comparable function; no expected label,random_comparable,yes,drivers/clk/mediatek/clk-mt6765.c,31,10
PAT04-R07,PAT04,unknown,clk_mt7986_apmixed_probe,clk_mt8196_apmixed_probe,mtk_alloc_clk_data,mtk_free_clk_data,deterministic_random_comparable,deterministic random comparable function; no expected label,random_comparable,yes,drivers/clk/mediatek/clk-mt7986-apmixed.c,31,10
PAT04-R08,PAT04,unknown,clk_mt8192_apmixed_probe,clk_mt8196_apmixed_probe,mtk_alloc_clk_data,mtk_free_clk_data,deterministic_random_comparable,deterministic random comparable function; no expected label,random_comparable,yes,drivers/clk/mediatek/clk-mt8192-apmixedsys.c,31,10
PAT04-R09,PAT04,unknown,clk_mt6779_apmixed_probe,clk_mt8196_apmixed_probe,mtk_alloc_clk_data,mtk_free_clk_data,deterministic_random_comparable,deterministic random comparable function; no expected label,random_comparable,yes,drivers/clk/mediatek/clk-mt6779.c,31,10
P05,PAT05,bug,snow_probe,lpc32xx_clocksource_init,of_clk_get_by_name,clk_put,confirmed_bugs.csv,confirmed missing-defense case from recorded audit,confirmed_bug,yes,sound/soc/samsung/snow.c,66,10
PAT05-R01,PAT05,unknown,load_one_timing_from_dt,lpc32xx_clocksource_init,of_clk_get_by_name,clk_put,deterministic_random_comparable,deterministic random comparable function; no expected label,random_comparable,yes,drivers/clk/tegra/clk-tegra124-emc.c,66,10
PAT05-R02,PAT05,unknown,samsung_pwm_alloc,lpc32xx_clocksource_init,of_clk_get_by_name,clk_put,deterministic_random_comparable,deterministic random comparable function; no expected label,random_comparable,yes,drivers/clocksource/samsung_pwm_timer.c,66,10
PAT05-R03,PAT05,unknown,running,lpc32xx_clocksource_init,of_clk_get_by_name,clk_put,deterministic_random_comparable,deterministic random comparable function; no expected label,random_comparable,yes,drivers/clk/samsung/clk-exynos-arm64.c,66,10
PAT05-R04,PAT05,unknown,tsa_of_parse_tdms,lpc32xx_clocksource_init,of_clk_get_by_name,clk_put,deterministic_random_comparable,deterministic random comparable function; no expected label,random_comparable,yes,drivers/soc/fsl/qe/tsa.c,66,10
PAT05-R05,PAT05,unknown,rk_timer_probe,lpc32xx_clocksource_init,of_clk_get_by_name,clk_put,deterministic_random_comparable,deterministic random comparable function; no expected label,random_comparable,yes,drivers/clocksource/timer-rockchip.c,66,10
PAT05-R06,PAT05,unknown,imx6q_obtain_fixed_clk_hw,lpc32xx_clocksource_init,of_clk_get_by_name,clk_put,deterministic_random_comparable,deterministic random comparable function; no expected label,random_comparable,yes,drivers/clk/imx/clk-imx6q.c,66,10
PAT05-R07,PAT05,unknown,tpm_timer_init,lpc32xx_clocksource_init,of_clk_get_by_name,clk_put,deterministic_random_comparable,deterministic random comparable function; no expected label,random_comparable,yes,drivers/clocksource/timer-imx-tpm.c,66,10
PAT05-R08,PAT05,unknown,at91_pm_get_eth_clks,lpc32xx_clocksource_init,of_clk_get_by_name,clk_put,deterministic_random_comparable,deterministic random comparable function; no expected label,random_comparable,yes,arch/arm/mach-at91/pm.c,66,10
PAT05-R09,PAT05,unknown,ingenic_tcu_probe,lpc32xx_clocksource_init,of_clk_get_by_name,clk_put,deterministic_random_comparable,deterministic random comparable function; no expected label,random_comparable,yes,drivers/clk/ingenic/tcu.c,66,10
P06,PAT06,bug,mtk_dp_dt_parse,chipone_dsi_host_attach,of_graph_get_endpoint_by_regs,of_node_put,confirmed_bugs.csv,confirmed missing-defense case from recorded audit,confirmed_bug,yes,drivers/gpu/drm/mediatek/mtk_dp.c,71,10
PAT06-R01,PAT06,unknown,dsi_probe_of,chipone_dsi_host_attach,of_graph_get_endpoint_by_regs,of_node_put,deterministic_random_comparable,deterministic random comparable function; no expected label,random_comparable,yes,drivers/video/fbdev/omap2/omapfb/dss/dsi.c,71,10
PAT06-R02,PAT06,unknown,anx7625_parse_dt,chipone_dsi_host_attach,of_graph_get_endpoint_by_regs,of_node_put,deterministic_random_comparable,deterministic random comparable function; no expected label,random_comparable,yes,drivers/gpu/drm/bridge/analogix/anx7625.c,71,10
PAT06-R03,PAT06,unknown,tc358743_probe_of,chipone_dsi_host_attach,of_graph_get_endpoint_by_regs,of_node_put,deterministic_random_comparable,deterministic random comparable function; no expected label,random_comparable,yes,drivers/media/i2c/tc358743.c,71,10
PAT06-R04,PAT06,unknown,tc_mipi_dsi_host_attach,chipone_dsi_host_attach,of_graph_get_endpoint_by_regs,of_node_put,deterministic_random_comparable,deterministic random comparable function; no expected label,random_comparable,yes,drivers/gpu/drm/bridge/tc358767.c,71,10
PAT06-R05,PAT06,unknown,ov5647_parse_dt,chipone_dsi_host_attach,of_graph_get_endpoint_by_regs,of_node_put,deterministic_random_comparable,deterministic random comparable function; no expected label,random_comparable,yes,drivers/media/i2c/ov5647.c,71,10
PAT06-R06,PAT06,unknown,mipid02_parse_rx_ep,chipone_dsi_host_attach,of_graph_get_endpoint_by_regs,of_node_put,deterministic_random_comparable,deterministic random comparable function; no expected label,random_comparable,yes,drivers/media/i2c/st-mipid02.c,71,10
PAT06-R07,PAT06,unknown,dp_panel_link_frequencies,chipone_dsi_host_attach,of_graph_get_endpoint_by_regs,of_node_put,deterministic_random_comparable,deterministic random comparable function; no expected label,random_comparable,yes,drivers/gpu/drm/msm/dp/dp_panel.c,71,10
PAT06-R08,PAT06,unknown,hdmi_bridge_init,chipone_dsi_host_attach,of_graph_get_endpoint_by_regs,of_node_put,deterministic_random_comparable,deterministic random comparable function; no expected label,random_comparable,yes,drivers/gpu/drm/exynos/exynos_hdmi.c,71,10
PAT06-R09,PAT06,unknown,mt9p031_get_pdata,chipone_dsi_host_attach,of_graph_get_endpoint_by_regs,of_node_put,deterministic_random_comparable,deterministic random comparable function; no expected label,random_comparable,yes,drivers/media/i2c/mt9p031.c,71,10
P07,PAT07,bug,cs35l56_hda_read_acpi,cs35l56_hda_read_acpi,acpi_dev_get_first_match_dev,acpi_dev_put,confirmed_bugs.csv,confirmed missing-defense case from recorded audit,confirmed_bug,yes,sound/pci/hda/cs35l56_hda.c,32,10
PAT07-R01,PAT07,unknown,gmin_i2c_dev_exists,cs35l56_hda_read_acpi,acpi_dev_get_first_match_dev,acpi_dev_put,deterministic_random_comparable,deterministic random comparable function; no expected label,random_comparable,yes,drivers/staging/media/atomisp/pci/atomisp_gmin_platform.c,32,10
PAT07-R02,PAT07,unknown,snd_byt_cht_cx2072x_probe,cs35l56_hda_read_acpi,acpi_dev_get_first_match_dev,acpi_dev_put,deterministic_random_comparable,deterministic random comparable function; no expected label,random_comparable,yes,sound/soc/intel/boards/bytcht_cx2072x.c,32,10
PAT07-R03,PAT07,unknown,get_serdev_controller,cs35l56_hda_read_acpi,acpi_dev_get_first_match_dev,acpi_dev_put,deterministic_random_comparable,deterministic random comparable function; no expected label,random_comparable,yes,drivers/platform/x86/serdev_helpers.h,32,10
PAT07-R04,PAT07,unknown,cs35l41_compute_codec_conf,cs35l56_hda_read_acpi,acpi_dev_get_first_match_dev,acpi_dev_put,deterministic_random_comparable,deterministic random comparable function; no expected label,random_comparable,yes,sound/soc/intel/boards/sof_cirrus_common.c,32,10
PAT07-R05,PAT07,unknown,snd_byt_rt5651_mc_probe,cs35l56_hda_read_acpi,acpi_dev_get_first_match_dev,acpi_dev_put,deterministic_random_comparable,deterministic random comparable function; no expected label,random_comparable,yes,sound/soc/intel/boards/bytcr_rt5651.c,32,10
PAT07-R06,PAT07,unknown,bytcht_da7213_probe,cs35l56_hda_read_acpi,acpi_dev_get_first_match_dev,acpi_dev_put,deterministic_random_comparable,deterministic random comparable function; no expected label,random_comparable,yes,sound/soc/intel/boards/bytcht_da7213.c,32,10
PAT07-R07,PAT07,unknown,st_es8336_late_probe,cs35l56_hda_read_acpi,acpi_dev_get_first_match_dev,acpi_dev_put,deterministic_random_comparable,deterministic random comparable function; no expected label,random_comparable,yes,sound/soc/amd/acp-es8336.c,32,10
PAT07-R08,PAT07,unknown,axp288_extcon_probe,cs35l56_hda_read_acpi,acpi_dev_get_first_match_dev,acpi_dev_put,deterministic_random_comparable,deterministic random comparable function; no expected label,random_comparable,yes,drivers/extcon/extcon-axp288.c,32,10
PAT07-R09,PAT07,unknown,snd_byt_wm5102_mc_probe,cs35l56_hda_read_acpi,acpi_dev_get_first_match_dev,acpi_dev_put,deterministic_random_comparable,deterministic random comparable function; no expected label,random_comparable,yes,sound/soc/intel/boards/bytcr_wm5102.c,32,10
P08,PAT08,bug,iso_listen_bis,iso_listen_bis,hci_get_route,hci_dev_put,confirmed_bugs.csv,confirmed missing-defense case from recorded audit,confirmed_bug,yes,net/bluetooth/iso.c,10,10
PAT08-R01,PAT08,unknown,sco_sock_setsockopt,iso_listen_bis,hci_get_route,hci_dev_put,deterministic_random_comparable,deterministic random comparable function; no expected label,random_comparable,yes,net/bluetooth/sco.c,10,10
PAT08-R02,PAT08,unknown,iso_conn_big_sync,iso_listen_bis,hci_get_route,hci_dev_put,deterministic_random_comparable,deterministic random comparable function; no expected label,random_comparable,yes,net/bluetooth/iso.c,10,10
PAT08-R03,PAT08,unknown,sco_connect,iso_listen_bis,hci_get_route,hci_dev_put,deterministic_random_comparable,deterministic random comparable function; no expected label,random_comparable,yes,net/bluetooth/sco.c,10,10
PAT08-R04,PAT08,unknown,rfcomm_reparent_device,iso_listen_bis,hci_get_route,hci_dev_put,deterministic_random_comparable,deterministic random comparable function; no expected label,random_comparable,yes,net/bluetooth/rfcomm/tty.c,10,10
PAT08-R05,PAT08,unknown,sco_sock_getsockopt,iso_listen_bis,hci_get_route,hci_dev_put,deterministic_random_comparable,deterministic random comparable function; no expected label,random_comparable,yes,net/bluetooth/sco.c,10,10
PAT08-R06,PAT08,unknown,iso_connect_bis,iso_listen_bis,hci_get_route,hci_dev_put,deterministic_random_comparable,deterministic random comparable function; no expected label,random_comparable,yes,net/bluetooth/iso.c,10,10
PAT08-R07,PAT08,unknown,get_l2cap_conn,iso_listen_bis,hci_get_route,hci_dev_put,deterministic_random_comparable,deterministic random comparable function; no expected label,random_comparable,yes,net/bluetooth/6lowpan.c,10,10
PAT08-R08,PAT08,unknown,iso_connect_cis,iso_listen_bis,hci_get_route,hci_dev_put,deterministic_random_comparable,deterministic random comparable function; no expected label,random_comparable,yes,net/bluetooth/iso.c,10,10
PAT08-R09,PAT08,unknown,l2cap_chan_connect,iso_listen_bis,hci_get_route,hci_dev_put,deterministic_random_comparable,deterministic random comparable function; no expected label,random_comparable,yes,net/bluetooth/l2cap_core.c,10,10
P09,PAT09,bug,fhci_create_ep,fhci_create_ep,cpm_muram_alloc,cpm_muram_free,confirmed_bugs.csv,confirmed missing-defense case from recorded audit,confirmed_bug,yes,drivers/usb/host/fhci-tds.c,11,10
PAT09-R01,PAT09,unknown,cpm_uart_allocbuf,fhci_create_ep,cpm_muram_alloc,cpm_muram_free,deterministic_random_comparable,deterministic random comparable function; no expected label,random_comparable,yes,drivers/tty/serial/cpm_uart.c,11,10
PAT09-R02,PAT09,unknown,cpm_i2c_setup,fhci_create_ep,cpm_muram_alloc,cpm_muram_free,deterministic_random_comparable,deterministic random comparable function; no expected label,random_comparable,yes,drivers/i2c/busses/i2c-cpm.c,11,10
PAT09-R03,PAT09,unknown,allocate_bd,fhci_create_ep,cpm_muram_alloc,cpm_muram_free,deterministic_random_comparable,deterministic random comparable function; no expected label,random_comparable,yes,drivers/net/ethernet/freescale/fs_enet/mac-scc.c,11,10
PAT09-R04,PAT09,unknown,do_pd_setup,fhci_create_ep,cpm_muram_alloc,cpm_muram_free,deterministic_random_comparable,deterministic random comparable function; no expected label,random_comparable,yes,drivers/net/ethernet/freescale/fs_enet/mac-fcc.c,11,10
PAT09-R05,PAT09,unknown,cpm_uart_map_pram,fhci_create_ep,cpm_muram_alloc,cpm_muram_free,deterministic_random_comparable,deterministic random comparable function; no expected label,random_comparable,yes,drivers/tty/serial/cpm_uart.c,11,10
PAT09-R06,PAT09,unknown,fsl_spi_cpm_init,fhci_create_ep,cpm_muram_alloc,cpm_muram_free,deterministic_random_comparable,deterministic random comparable function; no expected label,random_comparable,yes,drivers/spi/spi-fsl-cpm.c,11,10
PAT09-R07,PAT09,unknown,fsl_spi_cpm_get_pram,fhci_create_ep,cpm_muram_alloc,cpm_muram_free,deterministic_random_comparable,deterministic random comparable function; no expected label,random_comparable,yes,drivers/spi/spi-fsl-cpm.c,11,10
PAT09-R08,PAT09,unknown,partition,fhci_create_ep,cpm_muram_alloc,cpm_muram_free,deterministic_random_comparable,deterministic random comparable function; no expected label,random_comparable,yes,drivers/usb/host/fhci-tds.c,11,10
PAT09-R09,PAT09,unknown,qe_ep_bd_init,fhci_create_ep,cpm_muram_alloc,cpm_muram_free,deterministic_random_comparable,deterministic random comparable function; no expected label,random_comparable,yes,drivers/usb/gadget/udc/fsl_qe_udc.c,11,10
P10,PAT10,bug,slave_show,slave_show,device_find_any_child,put_device,confirmed_bugs.csv,confirmed missing-defense case from recorded audit,confirmed_bug,yes,drivers/spi/spi.c,5,10
PAT10-R01,PAT10,unknown,slave_store,slave_show,device_find_any_child,put_device,deterministic_random_comparable,deterministic random comparable function; no expected label,random_comparable,yes,drivers/spi/spi.c,5,10
PAT10-R02,PAT10,unknown,of_unittest_pci_node_verify,slave_show,device_find_any_child,put_device,deterministic_random_comparable,deterministic random comparable function; no expected label,random_comparable,yes,drivers/of/unittest.c,5,10
PAT10-R03,PAT10,unknown,ptp_ocp_find_flash,slave_show,device_find_any_child,put_device,deterministic_random_comparable,deterministic random comparable function; no expected label,random_comparable,yes,drivers/ptp/ptp_ocp.c,5,10
PAT10-R04,PAT10,unknown,gpio_mockup_debugfs_setup,slave_show,device_find_any_child,put_device,deterministic_random_comparable,deterministic random comparable function; no expected label,random_comparable,yes,drivers/gpio/gpio-mockup.c,5,10
P11,PAT11,bug,iscsi_set_host_param,iscsi_set_host_param,scsi_host_lookup,scsi_host_put,confirmed_bugs.csv,confirmed missing-defense case from recorded audit,confirmed_bug,yes,drivers/scsi/scsi_transport_iscsi.c,20,10
PAT11-R01,PAT11,unknown,pscsi_pmode_enable_hba,iscsi_set_host_param,scsi_host_lookup,scsi_host_put,deterministic_random_comparable,deterministic random comparable function; no expected label,random_comparable,yes,drivers/target/target_core_pscsi.c,20,10
PAT11-R02,PAT11,unknown,iscsi_set_chap,iscsi_set_host_param,scsi_host_lookup,scsi_host_put,deterministic_random_comparable,deterministic random comparable function; no expected label,random_comparable,yes,drivers/scsi/scsi_transport_iscsi.c,20,10
PAT11-R03,PAT11,unknown,iscsi_send_ping,iscsi_set_host_param,scsi_host_lookup,scsi_host_put,deterministic_random_comparable,deterministic random comparable function; no expected label,random_comparable,yes,drivers/scsi/scsi_transport_iscsi.c,20,10
PAT11-R04,PAT11,unknown,iscsi_set_flashnode_param,iscsi_set_host_param,scsi_host_lookup,scsi_host_put,deterministic_random_comparable,deterministic random comparable function; no expected label,random_comparable,yes,drivers/scsi/scsi_transport_iscsi.c,20,10
PAT11-R05,PAT11,unknown,iscsi_logout_flashnode_sid,iscsi_set_host_param,scsi_host_lookup,scsi_host_put,deterministic_random_comparable,deterministic random comparable function; no expected label,random_comparable,yes,drivers/scsi/scsi_transport_iscsi.c,20,10
PAT11-R06,PAT11,unknown,pscsi_configure_device,iscsi_set_host_param,scsi_host_lookup,scsi_host_put,deterministic_random_comparable,deterministic random comparable function; no expected label,random_comparable,yes,drivers/target/target_core_pscsi.c,20,10
PAT11-R07,PAT11,unknown,iscsi_tgt_dscvr,iscsi_set_host_param,scsi_host_lookup,scsi_host_put,deterministic_random_comparable,deterministic random comparable function; no expected label,random_comparable,yes,drivers/scsi/scsi_transport_iscsi.c,20,10
PAT11-R08,PAT11,unknown,iscsi_get_host_stats,iscsi_set_host_param,scsi_host_lookup,scsi_host_put,deterministic_random_comparable,deterministic random comparable function; no expected label,random_comparable,yes,drivers/scsi/scsi_transport_iscsi.c,20,10
PAT11-R09,PAT11,unknown,iscsi_logout_flashnode,iscsi_set_host_param,scsi_host_lookup,scsi_host_put,deterministic_random_comparable,deterministic random comparable function; no expected label,random_comparable,yes,drivers/scsi/scsi_transport_iscsi.c,20,10
P12,PAT12,bug,nforce2_fsb_read,nforce2_fsb_read,pci_get_subsys,pci_dev_put,confirmed_bugs.csv,confirmed missing-defense case from recorded audit,confirmed_bug,yes,drivers/cpufreq/cpufreq-nforce2.c,7,10
PAT12-R01,PAT12,unknown,acpi_processor_errata,nforce2_fsb_read,pci_get_subsys,pci_dev_put,deterministic_random_comparable,deterministic random comparable function; no expected label,random_comparable,yes,drivers/acpi/acpi_processor.c,7,10
PAT12-R02,PAT12,unknown,acpi_processor_errata_piix4,nforce2_fsb_read,pci_get_subsys,pci_dev_put,deterministic_random_comparable,deterministic random comparable function; no expected label,random_comparable,yes,drivers/acpi/acpi_processor.c,7,10
PAT12-R03,PAT12,unknown,speedstep_detect_chipset,nforce2_fsb_read,pci_get_subsys,pci_dev_put,deterministic_random_comparable,deterministic random comparable function; no expected label,random_comparable,yes,drivers/cpufreq/speedstep-ich.c,7,10
PAT12-R04,PAT12,unknown,vga_arb_device_init,nforce2_fsb_read,pci_get_subsys,pci_dev_put,deterministic_random_comparable,deterministic random comparable function; no expected label,random_comparable,yes,drivers/pci/vgaarb.c,7,10
PAT12-R05,PAT12,unknown,pci_get_device,nforce2_fsb_read,pci_get_subsys,pci_dev_put,deterministic_random_comparable,deterministic random comparable function; no expected label,random_comparable,yes,drivers/pci/search.c,7,10
PAT12-R06,PAT12,unknown,nforce2_detect_chipset,nforce2_fsb_read,pci_get_subsys,pci_dev_put,deterministic_random_comparable,deterministic random comparable function; no expected label,random_comparable,yes,drivers/cpufreq/cpufreq-nforce2.c,7,10
P13,PAT13,bug,mptspi_write_spi_device_pg1,mptspi_write_spi_device_pg1,scsi_device_lookup_by_target,scsi_device_put,confirmed_bugs.csv,confirmed missing-defense case from recorded audit,confirmed_bug,yes,drivers/message/fusion/mptspi.c,5,10
PAT13-R01,PAT13,unknown,scsi_probe_and_add_lun,mptspi_write_spi_device_pg1,scsi_device_lookup_by_target,scsi_device_put,deterministic_random_comparable,deterministic random comparable function; no expected label,random_comparable,yes,drivers/scsi/scsi_scan.c,5,10
PAT13-R02,PAT13,unknown,ahd_dump_target_state,mptspi_write_spi_device_pg1,scsi_device_lookup_by_target,scsi_device_put,deterministic_random_comparable,deterministic random comparable function; no expected label,random_comparable,yes,drivers/scsi/aic7xxx/aic79xx_proc.c,5,10
PAT13-R03,PAT13,unknown,ahc_dump_target_state,mptspi_write_spi_device_pg1,scsi_device_lookup_by_target,scsi_device_put,deterministic_random_comparable,deterministic random comparable function; no expected label,random_comparable,yes,drivers/scsi/aic7xxx/aic7xxx_proc.c,5,10
PAT13-R04,PAT13,unknown,completed,mptspi_write_spi_device_pg1,scsi_device_lookup_by_target,scsi_device_put,deterministic_random_comparable,deterministic random comparable function; no expected label,random_comparable,yes,drivers/scsi/scsi_scan.c,5,10
P14,PAT14,bug,mt798x_phy_calibration,mt798x_phy_calibration,nvmem_cell_get,nvmem_cell_put,confirmed_bugs.csv,confirmed missing-defense case from recorded audit,confirmed_bug,yes,drivers/net/phy/mediatek-ge-soc.c,24,10
PAT14-R01,PAT14,unknown,nvmem_cell_read_variable_common,mt798x_phy_calibration,nvmem_cell_get,nvmem_cell_put,deterministic_random_comparable,deterministic random comparable function; no expected label,random_comparable,yes,drivers/nvmem/core.c,24,10
PAT14-R02,PAT14,unknown,rave_sp_wdt_probe,mt798x_phy_calibration,nvmem_cell_get,nvmem_cell_put,deterministic_random_comparable,deterministic random comparable function; no expected label,random_comparable,yes,drivers/watchdog/rave-sp-wdt.c,24,10
PAT14-R03,PAT14,unknown,sc27xx_fgu_calibration,mt798x_phy_calibration,nvmem_cell_get,nvmem_cell_put,deterministic_random_comparable,deterministic random comparable function; no expected label,random_comparable,yes,drivers/power/supply/sc27xx_fuel_gauge.c,24,10
PAT14-R04,PAT14,unknown,__updated_type_c_parameter_by_efuse,mt798x_phy_calibration,nvmem_cell_get,nvmem_cell_put,deterministic_random_comparable,deterministic random comparable function; no expected label,random_comparable,yes,drivers/extcon/extcon-rtk-type-c.c,24,10
PAT14-R05,PAT14,unknown,nixge_get_nvmem_address,mt798x_phy_calibration,nvmem_cell_get,nvmem_cell_put,deterministic_random_comparable,deterministic random comparable function; no expected label,random_comparable,yes,drivers/net/ethernet/ni/nixge.c,24,10
PAT14-R06,PAT14,unknown,sun8i_ths_calibrate,mt798x_phy_calibration,nvmem_cell_get,nvmem_cell_put,deterministic_random_comparable,deterministic random comparable function; no expected label,random_comparable,yes,drivers/thermal/sun8i_thermal.c,24,10
PAT14-R07,PAT14,unknown,adc_nvmem_cell_calib_data,mt798x_phy_calibration,nvmem_cell_get,nvmem_cell_put,deterministic_random_comparable,deterministic random comparable function; no expected label,random_comparable,yes,drivers/iio/adc/sc27xx_adc.c,24,10
PAT14-R08,PAT14,unknown,imx8mm_tmu_probe_set_calib_v2,mt798x_phy_calibration,nvmem_cell_get,nvmem_cell_put,deterministic_random_comparable,deterministic random comparable function; no expected label,random_comparable,yes,drivers/thermal/imx8mm_thermal.c,24,10
PAT14-R09,PAT14,unknown,ERR_PTR,mt798x_phy_calibration,nvmem_cell_get,nvmem_cell_put,deterministic_random_comparable,deterministic random comparable function; no expected label,random_comparable,yes,drivers/nvmem/core.c,24,10
P15,PAT15,bug,loongson_card_parse_acpi,loongson_card_parse_acpi,acpi_get_first_physical_node,put_device,confirmed_bugs.csv,confirmed missing-defense case from recorded audit,confirmed_bug,yes,sound/soc/loongson/loongson_card.c,19,10
PAT15-R01,PAT15,unknown,acpi_platform_fill_resource,loongson_card_parse_acpi,acpi_get_first_physical_node,put_device,deterministic_random_comparable,deterministic random comparable function; no expected label,random_comparable,yes,drivers/acpi/acpi_platform.c,19,10
PAT15-R02,PAT15,unknown,st_es8336_late_probe,loongson_card_parse_acpi,acpi_get_first_physical_node,put_device,deterministic_random_comparable,deterministic random comparable function; no expected label,random_comparable,yes,sound/soc/amd/acp-es8336.c,19,10
PAT15-R03,PAT15,unknown,acpi_primary_dev_companion,loongson_card_parse_acpi,acpi_get_first_physical_node,put_device,deterministic_random_comparable,deterministic random comparable function; no expected label,random_comparable,yes,drivers/acpi/bus.c,19,10
PAT15-R04,PAT15,unknown,Copyright,loongson_card_parse_acpi,acpi_get_first_physical_node,put_device,deterministic_random_comparable,deterministic random comparable function; no expected label,random_comparable,yes,drivers/thunderbolt/acpi.c,19,10
PAT15-R05,PAT15,unknown,yogabook_wmi_probe,loongson_card_parse_acpi,acpi_get_first_physical_node,put_device,deterministic_random_comparable,deterministic random comparable function; no expected label,random_comparable,yes,drivers/platform/x86/lenovo-yogabook.c,19,10
PAT15-R06,PAT15,unknown,snd_byt_cht_es8316_mc_probe,loongson_card_parse_acpi,acpi_get_first_physical_node,put_device,deterministic_random_comparable,deterministic random comparable function; no expected label,random_comparable,yes,sound/soc/intel/boards/bytcht_es8316.c,19,10
PAT15-R07,PAT15,unknown,snd_byt_rt5640_mc_probe,loongson_card_parse_acpi,acpi_get_first_physical_node,put_device,deterministic_random_comparable,deterministic random comparable function; no expected label,random_comparable,yes,sound/soc/intel/boards/bytcr_rt5640.c,19,10
PAT15-R08,PAT15,unknown,acp3x_es83xx_probe,loongson_card_parse_acpi,acpi_get_first_physical_node,put_device,deterministic_random_comparable,deterministic random comparable function; no expected label,random_comparable,yes,sound/soc/amd/acp/acp3x-es83xx/acp3x-es83xx.c,19,10
PAT15-R09,PAT15,unknown,snd_cht_mc_probe,loongson_card_parse_acpi,acpi_get_first_physical_node,put_device,deterministic_random_comparable,deterministic random comparable function; no expected label,random_comparable,yes,sound/soc/intel/boards/cht_bsw_rt5645.c,19,10
P16,PAT16,bug,mtk_vcodec_fw_scp_init,mtk_vcodec_fw_scp_init,scp_get,scp_put,confirmed_bugs.csv,confirmed missing-defense case from recorded audit,confirmed_bug,yes,drivers/media/platform/mediatek/vcodec/common/mtk_vcodec_fw_scp.c,2,10
PAT16-R01,PAT16,unknown,mdp_probe,mtk_vcodec_fw_scp_init,scp_get,scp_put,deterministic_random_comparable,deterministic random comparable function; no expected label,random_comparable,yes,drivers/media/platform/mediatek/mdp3/mtk-mdp3-core.c,2,10
P17,PAT17,bug,fsl_re_chan_probe,fsl_re_chan_probe,of_platform_device_create,platform_device_put,confirmed_bugs.csv,confirmed missing-defense case from recorded audit,confirmed_bug,yes,drivers/dma/fsl_raid.c,35,10
PAT17-R01,PAT17,unknown,pnv_rng_late_init,fsl_re_chan_probe,of_platform_device_create,platform_device_put,deterministic_random_comparable,deterministic random comparable function; no expected label,random_comparable,yes,arch/powerpc/platforms/powernv/rng.c,35,10
PAT17-R02,PAT17,unknown,cxl_base_init,fsl_re_chan_probe,of_platform_device_create,platform_device_put,deterministic_random_comparable,deterministic random comparable function; no expected label,random_comparable,yes,drivers/misc/cxl/base.c,35,10
PAT17-R03,PAT17,unknown,gpmc_probe_generic_child,fsl_re_chan_probe,of_platform_device_create,platform_device_put,deterministic_random_comparable,deterministic random comparable function; no expected label,random_comparable,yes,drivers/memory/omap-gpmc.c,35,10
PAT17-R04,PAT17,unknown,onboard_dev_create_pdevs,fsl_re_chan_probe,of_platform_device_create,platform_device_put,deterministic_random_comparable,deterministic random comparable function; no expected label,random_comparable,yes,drivers/usb/misc/onboard_usb_dev_pdevs.c,35,10
PAT17-R05,PAT17,unknown,opal_sensor_init,fsl_re_chan_probe,of_platform_device_create,platform_device_put,deterministic_random_comparable,deterministic random comparable function; no expected label,random_comparable,yes,arch/powerpc/platforms/powernv/opal-sensor.c,35,10
PAT17-R06,PAT17,unknown,q6v5_probe,fsl_re_chan_probe,of_platform_device_create,platform_device_put,deterministic_random_comparable,deterministic random comparable function; no expected label,random_comparable,yes,drivers/remoteproc/qcom_q6v5_mss.c,35,10
PAT17-R07,PAT17,unknown,tegra_clk_dev_register,fsl_re_chan_probe,of_platform_device_create,platform_device_put,deterministic_random_comparable,deterministic random comparable function; no expected label,random_comparable,yes,drivers/clk/tegra/clk.c,35,10
PAT17-R08,PAT17,unknown,thermostat_create_files,fsl_re_chan_probe,of_platform_device_create,platform_device_put,deterministic_random_comparable,deterministic random comparable function; no expected label,random_comparable,yes,drivers/macintosh/therm_adt746x.c,35,10
PAT17-R09,PAT17,unknown,octeon_mmc_probe,fsl_re_chan_probe,of_platform_device_create,platform_device_put,deterministic_random_comparable,deterministic random comparable function; no expected label,random_comparable,yes,drivers/mmc/host/cavium-octeon.c,35,10
P18,PAT18,bug,oaktrail_lvds_init,oaktrail_lvds_init,i2c_get_adapter,i2c_put_adapter,confirmed_bugs.csv,confirmed missing-defense case from recorded audit,confirmed_bug,yes,drivers/gpu/drm/gma500/oaktrail_lvds.c,26,10
PAT18-R01,PAT18,unknown,vpif_probe,oaktrail_lvds_init,i2c_get_adapter,i2c_put_adapter,deterministic_random_comparable,deterministic random comparable function; no expected label,random_comparable,yes,drivers/media/platform/ti/davinci/vpif_display.c,26,10
PAT18-R02,PAT18,unknown,iss_register_subdev_group,oaktrail_lvds_init,i2c_get_adapter,i2c_put_adapter,deterministic_random_comparable,deterministic random comparable function; no expected label,random_comparable,yes,drivers/staging/media/omap4iss/iss.c,26,10
PAT18-R03,PAT18,unknown,sx1_i2c_read_byte,oaktrail_lvds_init,i2c_get_adapter,i2c_put_adapter,deterministic_random_comparable,deterministic random comparable function; no expected label,random_comparable,yes,arch/arm/mach-omap1/board-sx1.c,26,10
PAT18-R04,PAT18,unknown,therm_of_probe,oaktrail_lvds_init,i2c_get_adapter,i2c_put_adapter,deterministic_random_comparable,deterministic random comparable function; no expected label,random_comparable,yes,drivers/macintosh/therm_windtunnel.c,26,10
PAT18-R05,PAT18,unknown,i2cdev_open,oaktrail_lvds_init,i2c_get_adapter,i2c_put_adapter,deterministic_random_comparable,deterministic random comparable function; no expected label,random_comparable,yes,drivers/i2c/i2c-dev.c,26,10
PAT18-R06,PAT18,unknown,mlxplat_mlxcpld_verify_bus_topology,oaktrail_lvds_init,i2c_get_adapter,i2c_put_adapter,deterministic_random_comparable,deterministic random comparable function; no expected label,random_comparable,yes,drivers/platform/x86/mlx-platform.c,26,10
PAT18-R07,PAT18,unknown,oaktrail_hdmi_get_modes,oaktrail_lvds_init,i2c_get_adapter,i2c_put_adapter,deterministic_random_comparable,deterministic random comparable function; no expected label,random_comparable,yes,drivers/gpu/drm/gma500/oaktrail_hdmi.c,26,10
PAT18-R08,PAT18,unknown,timbradio_probe,oaktrail_lvds_init,i2c_get_adapter,i2c_put_adapter,deterministic_random_comparable,deterministic random comparable function; no expected label,random_comparable,yes,drivers/media/radio/radio-timb.c,26,10
PAT18-R09,PAT18,unknown,sta2x11_vip_init_one,oaktrail_lvds_init,i2c_get_adapter,i2c_put_adapter,deterministic_random_comparable,deterministic random comparable function; no expected label,random_comparable,yes,drivers/media/pci/sta2x11/sta2x11_vip.c,26,10
P19,PAT19,bug,agp_serverworks_probe,agp_serverworks_probe,pci_get_domain_bus_and_slot,pci_dev_put,confirmed_bugs.csv,confirmed missing-defense case from recorded audit,confirmed_bug,yes,drivers/char/agp/sworks-agp.c,85,10
PAT19-R01,PAT19,unknown,vfio_pci_igd_cfg_init,agp_serverworks_probe,pci_get_domain_bus_and_slot,pci_dev_put,deterministic_random_comparable,deterministic random comparable function; no expected label,random_comparable,yes,drivers/vfio/pci/vfio_pci_igd.c,85,10
PAT19-R02,PAT19,unknown,fch_clk_remove,agp_serverworks_probe,pci_get_domain_bus_and_slot,pci_dev_put,deterministic_random_comparable,deterministic random comparable function; no expected label,random_comparable,yes,drivers/clk/x86/clk-fch.c,85,10
PAT19-R03,PAT19,unknown,amd_pmf_probe,agp_serverworks_probe,pci_get_domain_bus_and_slot,pci_dev_put,deterministic_random_comparable,deterministic random comparable function; no expected label,random_comparable,yes,drivers/platform/x86/amd/pmf/core.c,85,10
PAT19-R04,PAT19,unknown,cxl_handle_cper_event,agp_serverworks_probe,pci_get_domain_bus_and_slot,pci_dev_put,deterministic_random_comparable,deterministic random comparable function; no expected label,random_comparable,yes,drivers/cxl/pci.c,85,10
PAT19-R05,PAT19,unknown,ibm_unconfigure_device,agp_serverworks_probe,pci_get_domain_bus_and_slot,pci_dev_put,deterministic_random_comparable,deterministic random comparable function; no expected label,random_comparable,yes,drivers/pci/hotplug/ibmphp_core.c,85,10
PAT19-R06,PAT19,unknown,nouveau_hw_get_clock,agp_serverworks_probe,pci_get_domain_bus_and_slot,pci_dev_put,deterministic_random_comparable,deterministic random comparable function; no expected label,random_comparable,yes,drivers/gpu/drm/nouveau/dispnv04/hw.c,85,10
PAT19-R07,PAT19,unknown,amdgpu_device_suspend_display_audio,agp_serverworks_probe,pci_get_domain_bus_and_slot,pci_dev_put,deterministic_random_comparable,deterministic random comparable function; no expected label,random_comparable,yes,drivers/gpu/drm/amd/amdgpu/amdgpu_device.c,85,10
PAT19-R08,PAT19,unknown,CDV_MSG_WRITE32,agp_serverworks_probe,pci_get_domain_bus_and_slot,pci_dev_put,deterministic_random_comparable,deterministic random comparable function; no expected label,random_comparable,yes,drivers/gpu/drm/gma500/cdv_device.c,85,10
PAT19-R09,PAT19,unknown,cgx_print_dmac_flt,agp_serverworks_probe,pci_get_domain_bus_and_slot,pci_dev_put,deterministic_random_comparable,deterministic random comparable function; no expected label,random_comparable,yes,drivers/net/ethernet/marvell/octeontx2/af/rvu_debugfs.c,85,10
P20,PAT20,bug,am33xx_pm_rtc_setup,am33xx_pm_rtc_setup,of_find_node_by_name,of_node_put,confirmed_bugs.csv,confirmed missing-defense case from recorded audit,confirmed_bug,yes,drivers/soc/ti/pm33xx.c,112,10
PAT20-R01,PAT20,unknown,mpc832x_rdb_setup_arch,am33xx_pm_rtc_setup,of_find_node_by_name,of_node_put,deterministic_random_comparable,deterministic random comparable function; no expected label,random_comparable,yes,arch/powerpc/platforms/83xx/mpc832x_rdb.c,112,10
PAT20-R02,PAT20,unknown,pmac_has_backlight_type,am33xx_pm_rtc_setup,of_find_node_by_name,of_node_put,deterministic_random_comparable,deterministic random comparable function; no expected label,random_comparable,yes,arch/powerpc/platforms/powermac/backlight.c,112,10
PAT20-R03,PAT20,unknown,vio_init,am33xx_pm_rtc_setup,of_find_node_by_name,of_node_put,deterministic_random_comparable,deterministic random comparable function; no expected label,random_comparable,yes,arch/sparc/kernel/vio.c,112,10
PAT20-R04,PAT20,unknown,agp_uninorth_probe,am33xx_pm_rtc_setup,of_find_node_by_name,of_node_put,deterministic_random_comparable,deterministic random comparable function; no expected label,random_comparable,yes,drivers/char/agp/uninorth-agp.c,112,10
PAT20-R05,PAT20,unknown,cpm_muram_init,am33xx_pm_rtc_setup,of_find_node_by_name,of_node_put,deterministic_random_comparable,deterministic random comparable function; no expected label,random_comparable,yes,drivers/soc/fsl/qe/qe_common.c,112,10
PAT20-R06,PAT20,unknown,ams_init,am33xx_pm_rtc_setup,of_find_node_by_name,of_node_put,deterministic_random_comparable,deterministic random comparable function; no expected label,random_comparable,yes,drivers/macintosh/ams/ams-core.c,112,10
PAT20-R07,PAT20,unknown,usbhs_rza1_hardware_init,am33xx_pm_rtc_setup,of_find_node_by_name,of_node_put,deterministic_random_comparable,deterministic random comparable function; no expected label,random_comparable,yes,drivers/usb/renesas_usbhs/rza.c,112,10
PAT20-R08,PAT20,unknown,smp_psurge_probe,am33xx_pm_rtc_setup,of_find_node_by_name,of_node_put,deterministic_random_comparable,deterministic random comparable function; no expected label,random_comparable,yes,arch/powerpc/platforms/powermac/smp.c,112,10
PAT20-R09,PAT20,unknown,valkyriefb_init,am33xx_pm_rtc_setup,of_find_node_by_name,of_node_put,deterministic_random_comparable,deterministic random comparable function; no expected label,random_comparable,yes,drivers/video/fbdev/valkyriefb.c,112,10
PAT21-R01,PAT21,unknown,fuse_file_open,fuse_file_open,fuse_file_alloc,fuse_file_free,deterministic_random_comparable,deterministic random comparable function; no expected label,random_comparable,yes,fs/fuse/file.c,2,10
PAT21-R02,PAT21,unknown,fuse_create_open,fuse_file_open,fuse_file_alloc,fuse_file_free,deterministic_random_comparable,deterministic random comparable function; no expected label,random_comparable,yes,fs/fuse/dir.c,2,10
PAT22-R01,PAT22,unknown,nouveau_platform_device_create,lima_pdev_probe,drm_dev_alloc,drm_dev_put,deterministic_random_comparable,deterministic random comparable function; no expected label,random_comparable,yes,drivers/gpu/drm/nouveau/nouveau_drm.c,28,10
PAT22-R02,PAT22,unknown,sun4i_drv_bind,lima_pdev_probe,drm_dev_alloc,drm_dev_put,deterministic_random_comparable,deterministic random comparable function; no expected label,random_comparable,yes,drivers/gpu/drm/sun4i/sun4i_drv.c,28,10
PAT22-R03,PAT22,unknown,mtk_drm_bind,lima_pdev_probe,drm_dev_alloc,drm_dev_put,deterministic_random_comparable,deterministic random comparable function; no expected label,random_comparable,yes,drivers/gpu/drm/mediatek/mtk_drm_drv.c,28,10
PAT22-R04,PAT22,unknown,nouveau_drm_probe,lima_pdev_probe,drm_dev_alloc,drm_dev_put,deterministic_random_comparable,deterministic random comparable function; no expected label,random_comparable,yes,drivers/gpu/drm/nouveau/nouveau_drm.c,28,10
PAT22-R05,PAT22,unknown,stm_drm_platform_probe,lima_pdev_probe,drm_dev_alloc,drm_dev_put,deterministic_random_comparable,deterministic random comparable function; no expected label,random_comparable,yes,drivers/gpu/drm/stm/drv.c,28,10
PAT22-R06,PAT22,unknown,imx_drm_bind,lima_pdev_probe,drm_dev_alloc,drm_dev_put,deterministic_random_comparable,deterministic random comparable function; no expected label,random_comparable,yes,drivers/gpu/drm/imx/ipuv3/imx-drm-core.c,28,10
PAT22-R07,PAT22,unknown,bochs_pci_probe,lima_pdev_probe,drm_dev_alloc,drm_dev_put,deterministic_random_comparable,deterministic random comparable function; no expected label,random_comparable,yes,drivers/gpu/drm/tiny/bochs.c,28,10
PAT22-R08,PAT22,unknown,tve200_probe,lima_pdev_probe,drm_dev_alloc,drm_dev_put,deterministic_random_comparable,deterministic random comparable function; no expected label,random_comparable,yes,drivers/gpu/drm/tve200/tve200_drv.c,28,10
PAT22-R09,PAT22,unknown,sti_bind,lima_pdev_probe,drm_dev_alloc,drm_dev_put,deterministic_random_comparable,deterministic random comparable function; no expected label,random_comparable,yes,drivers/gpu/drm/sti/sti_drv.c,28,10
PAT22-R10,PAT22,unknown,pl111_amba_probe,lima_pdev_probe,drm_dev_alloc,drm_dev_put,deterministic_random_comparable,deterministic random comparable function; no expected label,random_comparable,yes,drivers/gpu/drm/pl111/pl111_drv.c,28,10
PAT23-R01,PAT23,unknown,of_at91sam9x5_clk_main_rc_osc_setup,rpi_exp_gpio_probe,of_get_parent,of_node_put,deterministic_random_comparable,deterministic random comparable function; no expected label,random_comparable,yes,drivers/clk/at91/dt-compat.c,157,10
PAT23-R02,PAT23,unknown,pnv_php_register_slot,rpi_exp_gpio_probe,of_get_parent,of_node_put,deterministic_random_comparable,deterministic random comparable function; no expected label,random_comparable,yes,drivers/pci/hotplug/pnv_php.c,157,10
PAT23-R03,PAT23,unknown,of_sama5d2_clk_audio_pll_pad_setup,rpi_exp_gpio_probe,of_get_parent,of_node_put,deterministic_random_comparable,deterministic random comparable function; no expected label,random_comparable,yes,drivers/clk/at91/dt-compat.c,157,10
PAT23-R04,PAT23,unknown,rpi_ts_probe,rpi_exp_gpio_probe,of_get_parent,of_node_put,deterministic_random_comparable,deterministic random comparable function; no expected label,random_comparable,yes,drivers/input/touchscreen/raspberrypi-ts.c,157,10
PAT23-R05,PAT23,unknown,of_mmio_is_nonposted,rpi_exp_gpio_probe,of_get_parent,of_node_put,deterministic_random_comparable,deterministic random comparable function; no expected label,random_comparable,yes,drivers/of/address.c,157,10
PAT23-R06,PAT23,unknown,pru_handle_intrmap,rpi_exp_gpio_probe,of_get_parent,of_node_put,deterministic_random_comparable,deterministic random comparable function; no expected label,random_comparable,yes,drivers/remoteproc/pru_rproc.c,157,10
PAT23-R07,PAT23,unknown,bcm53573_ilp_init,rpi_exp_gpio_probe,of_get_parent,of_node_put,deterministic_random_comparable,deterministic random comparable function; no expected label,random_comparable,yes,drivers/clk/bcm/clk-bcm53573-ilp.c,157,10
PAT23-R08,PAT23,unknown,of_syscon_icst_setup,rpi_exp_gpio_probe,of_get_parent,of_node_put,deterministic_random_comparable,deterministic random comparable function; no expected label,random_comparable,yes,drivers/clk/versatile/clk-icst.c,157,10
PAT23-R09,PAT23,unknown,uniphier_clk_probe,rpi_exp_gpio_probe,of_get_parent,of_node_put,deterministic_random_comparable,deterministic random comparable function; no expected label,random_comparable,yes,drivers/clk/uniphier/clk-uniphier-core.c,157,10
PAT23-R10,PAT23,unknown,snvs_lpgpr_probe,rpi_exp_gpio_probe,of_get_parent,of_node_put,deterministic_random_comparable,deterministic random comparable function; no expected label,random_comparable,yes,drivers/nvmem/snvs_lpgpr.c,157,10
PAT24-R01,PAT24,unknown,megaraid_probe_one,ibmvscsi_probe,scsi_host_alloc,scsi_host_put,deterministic_random_comparable,deterministic random comparable function; no expected label,random_comparable,yes,drivers/scsi/megaraid.c,112,10
PAT24-R02,PAT24,unknown,advansys_pci_probe,ibmvscsi_probe,scsi_host_alloc,scsi_host_put,deterministic_random_comparable,deterministic random comparable function; no expected label,random_comparable,yes,drivers/scsi/advansys.c,112,10
PAT24-R03,PAT24,unknown,pci_esp_probe_one,ibmvscsi_probe,scsi_host_alloc,scsi_host_put,deterministic_random_comparable,deterministic random comparable function; no expected label,random_comparable,yes,drivers/scsi/am53c974.c,112,10
PAT24-R04,PAT24,unknown,advansys_vlb_probe,ibmvscsi_probe,scsi_host_alloc,scsi_host_put,deterministic_random_comparable,deterministic random comparable function; no expected label,random_comparable,yes,drivers/scsi/advansys.c,112,10
PAT24-R05,PAT24,unknown,pm8001_pci_probe,ibmvscsi_probe,scsi_host_alloc,scsi_host_put,deterministic_random_comparable,deterministic random comparable function; no expected label,random_comparable,yes,drivers/scsi/pm8001/pm8001_init.c,112,10
PAT24-R06,PAT24,unknown,ahd_linux_register_host,ibmvscsi_probe,scsi_host_alloc,scsi_host_put,deterministic_random_comparable,deterministic random comparable function; no expected label,random_comparable,yes,drivers/scsi/aic7xxx/aic79xx_osm.c,112,10
PAT24-R07,PAT24,unknown,aha1740_probe,ibmvscsi_probe,scsi_host_alloc,scsi_host_put,deterministic_random_comparable,deterministic random comparable function; no expected label,random_comparable,yes,drivers/scsi/aha1740.c,112,10
PAT24-R08,PAT24,unknown,pqi_register_scsi,ibmvscsi_probe,scsi_host_alloc,scsi_host_put,deterministic_random_comparable,deterministic random comparable function; no expected label,random_comparable,yes,drivers/scsi/smartpqi/smartpqi_init.c,112,10
PAT24-R09,PAT24,unknown,rtsx_probe,ibmvscsi_probe,scsi_host_alloc,scsi_host_put,deterministic_random_comparable,deterministic random comparable function; no expected label,random_comparable,yes,drivers/staging/rts5208/rtsx.c,112,10
PAT24-R10,PAT24,unknown,stex_probe,ibmvscsi_probe,scsi_host_alloc,scsi_host_put,deterministic_random_comparable,deterministic random comparable function; no expected label,random_comparable,yes,drivers/scsi/stex.c,112,10
PAT25-R01,PAT25,unknown,devm_clk_bulk_get_all_enable,devm_clk_bulk_get_all_enabled,clk_bulk_get_all,clk_bulk_put_all,deterministic_random_comparable,deterministic random comparable function; no expected label,random_comparable,yes,drivers/clk/clk-devres.c,3,10
PAT25-R02,PAT25,unknown,dwc3_of_simple_probe,devm_clk_bulk_get_all_enabled,clk_bulk_get_all,clk_bulk_put_all,deterministic_random_comparable,deterministic random comparable function; no expected label,random_comparable,yes,drivers/usb/dwc3/dwc3-of-simple.c,3,10
PAT25-R03,PAT25,unknown,devm_clk_bulk_get_all,devm_clk_bulk_get_all_enabled,clk_bulk_get_all,clk_bulk_put_all,deterministic_random_comparable,deterministic random comparable function; no expected label,random_comparable,yes,drivers/clk/clk-devres.c,3,10
PAT26-R01,PAT26,unknown,nlmclnt_recovery,jbd2_journal_start_thread,kthread_run,err-ptr-check,deterministic_random_comparable,deterministic random comparable function; no expected label,random_comparable,yes,fs/lockd/clntlock.c,270,10
PAT26-R02,PAT26,unknown,l1oip_socket_open,jbd2_journal_start_thread,kthread_run,err-ptr-check,deterministic_random_comparable,deterministic random comparable function; no expected label,random_comparable,yes,drivers/isdn/mISDN/l1oip_core.c,270,10
PAT26-R03,PAT26,unknown,rsi_create_kthread,jbd2_journal_start_thread,kthread_run,err-ptr-check,deterministic_random_comparable,deterministic random comparable function; no expected label,random_comparable,yes,drivers/net/wireless/rsi/rsi_common.h,270,10
PAT26-R04,PAT26,unknown,__damon_start,jbd2_journal_start_thread,kthread_run,err-ptr-check,deterministic_random_comparable,deterministic random comparable function; no expected label,random_comparable,yes,mm/damon/core.c,270,10
PAT26-R05,PAT26,unknown,make_simple_work_queue,jbd2_journal_start_thread,kthread_run,err-ptr-check,deterministic_random_comparable,deterministic random comparable function; no expected label,random_comparable,yes,drivers/md/dm-vdo/funnel-workqueue.c,270,10
PAT26-R06,PAT26,unknown,ftrace_direct_multi_init,jbd2_journal_start_thread,kthread_run,err-ptr-check,deterministic_random_comparable,deterministic random comparable function; no expected label,random_comparable,yes,samples/ftrace/ftrace-direct-multi-modify.c,270,10
PAT26-R07,PAT26,unknown,tegra20_vi_start_streaming,jbd2_journal_start_thread,kthread_run,err-ptr-check,deterministic_random_comparable,deterministic random comparable function; no expected label,random_comparable,yes,drivers/staging/media/tegra-video/tegra20.c,270,10
PAT26-R08,PAT26,unknown,try_one_request,jbd2_journal_start_thread,kthread_run,err-ptr-check,deterministic_random_comparable,deterministic random comparable function; no expected label,random_comparable,yes,lib/test_kmod.c,270,10
PAT26-R09,PAT26,unknown,cec_allocate_adapter,jbd2_journal_start_thread,kthread_run,err-ptr-check,deterministic_random_comparable,deterministic random comparable function; no expected label,random_comparable,yes,drivers/media/cec/core/cec-core.c,270,10
PAT26-R10,PAT26,unknown,page_alloc_init_late,jbd2_journal_start_thread,kthread_run,err-ptr-check,deterministic_random_comparable,deterministic random comparable function; no expected label,random_comparable,yes,mm/mm_init.c,270,10
